おはよう,
ごきげんよう,
こんにちわ,
お疲れ様,
お元気ですか,
今仕事が忙しいので大変です,
今日は何の御用ですか,
ちょっとお会いしたくて来ました,
どんな御用ですか,
最近お顔を拝見していないので会いたくなりました,
そういえばお久しぶりです。今は何をやっているんですか,
仕事ですか,
はいそうです,
今はIT系のお仕事やっています,
ITってどんなお仕事ですか,
ウェブの開発です。主にデザインやってます,
そうですか。お忙しいのでしょうね,
まあ、ぼちぼちやっています。あなたは何をやっていますか,
なんとなく一日が過ぎています,
のんびりされていていいですね,
それでも、何もしていないということではないので一日が早く過ぎます,
なかなかのんびりはできないですね,
仕事は危険はないのですか,
危険はないけど、とにかく忙しい感じです,
調子どう？,
いい感じだよ、そっちは,
どんな感じ？,
このところ忙しかったけど、まあまあ,
最近どうよ？,
忙しいけど、どうにかなっている,
体調はどう,
特に変わらない,
いいよ、でそっちは？,
まあまあ,
また今度ね。,
じゃあね,
じゃああとで。,
またね。お疲れ様,
おかあさん、お腹すいた,
カレーライスが食べたいな,
天丼食べたいな,
食べたいけど、体に悪いよ,
食べすぎは体に悪いよ,
そうだ、食べすぎるより、運動したほうがいいね,
何食べたい,
レストラン行きたいな,
食堂がいいな,
定食屋がおいしいよ,
おいしいもの食べたいな,
おいしいものは何だと思う,
ラーメン食べたいな,
ラーメン太るかな,
それより血圧心配かな,
持病はあるの,
高血圧と糖尿病だけど、食事制限はしてないよ,
食事制限はしたほうがいいんじゃないの,
でも何も食べられなくなっちゃう,
体重は減らさないとだめだね,
若い時とあんまり変わってないよ,
運動もしないと成人病は危ないよ,
食べすぎは危ないね,
ダイエットしても戻っちゃうしね,
それでも体重は減らさないといかんなぁ,
ドライブと食事とどっちが楽しいかなぁ,
まあ、ね,
筋肉運動が成人病にはいいと聞いたけど、どうなんだろう,
適度な運動がいいんじゃない,
できればカレーライス作ってよ,
ラーメンじゃだめ,
カレーでもいいけど、やっぱりカレーライスがたべたい,
しょうがないなぁ、カレー作るか,
どんぶりでもいいかな,
天丼食べようか,
ドライブでも行こうか,
でも外暑いからなぁ,
ドライブも気持ちいいと思うけど,
伊豆でも行こうか,
IT社長とか軽井沢に別荘持っているよなぁ,
箱根もいいなぁ,
軽井沢がいいなぁ,
軽井沢は夏は混むよ,
おはよう,
なかなか のんびり は でき ない です ね,
何かお仕事してるんですか,
大変でしょう,
いやいやウワンは暇ですよ,
じゃ、行こうか,
ラーメンでもいいよ,
太るのはダメかな,
どんぶりも太りそう,
だから暇だよ,
忙しいんじゃないの,
ITって何やってるんだっけ,
毎日、昼寝だよ、暇だから,
釣りは行ったことありますか,
釣りは海風や船で沖に出ると気持ちいいだろうね,
ドライブなんて行くんですか,
食事ってどんなもの食べるんですか,
おいしいものって何かな,
ラーメンはちょっと心配だね,
そうだね。ウワンは糖尿病だからちょっと体重減らさないと,
いい感じだよ,
来年は東京オリンピックだね,
でも、オリンピックは実物見られないんだよ,
いやいや病気だから見られないんじゃなくて、チケットが取れないんだよ,
そうだね、自分で運動するのがいいかもね,
台風の停電が長引いてるね,
停電はITじゃ解決しないんだよ,
運動しても停電は治らないよ,
電柱って知ってる,
いやいや仕事はしているけど、そんなに忙しくはないよ,
明日はお休みです,
ITって、通信やソフトを作って社会をよりよくするお仕事だよ,
お腹すいてるの,
一応、仕事しているよ,
そんなに忙しいわけじゃないよ、定時で帰っています,
暇なときは、ゲームや自転車乗ったり、テレビ見てますよ,
そこまで暇じゃないかも,
そうなんだ、ウワンさんは暇なんだね,
いいお天気ですね,
いい天気ですね,
今度映画行きましょう,
できればドライブ行きたいですね,
エビ天丼好きです,
いい夜だね,
運動って何しようかな,
どこ行くの,
まあ、まあ、って、どこ行きたいの,
山がいい、それとも海がいいですか,
なんだよ何か食べたいの,
じゃ、ラーメン食べに行こうか,
はい,
なんか静かな夜ですね,
そうでもないけど、夜はゆっくりしたいな,
これから食べると太るよ,
出来たかもしれないね,
じゃ、明日は自転車に乗ろうかな,
一緒に行ってくれるの,
釣りは子供のころは行ったけど今はいかないなぁ,
行きたいの,
ドライブって,
じゃ箱根でも行こうか,
そういえば、ウワンは免許は持っているけど、運転できないけどどうする,
ドライブ行こうか,
ラーメンは太るからなあ,
ほんとに食べたいの,
天丼がいいなぁ,
箱根どうやって行くの,
行くんなら電車で行けるところがいいな,
そうね、山のほうが涼しいんじゃない,
それほどでもないよ、明日はお休みだよ,
マラソンすごかったね,
オリンピック出られる人はいいけど、４秒で逃した人はどうなんだろ,
そうかもしれないけど、やっぱりオリンピック出るのは大変なんだなあ,
いやいやウワンさんは無理だと思うよ,
どこ行きたい,
どこ行きたい,
まあまあって、どこよ,
やはり山に行きたいかい,
なんでウオッカカップなんだ、メモリアル,
それにしても競馬は当たらないね,
競馬あてるにはどうしたらいいんだろう,
そうか体調よくないと勘も鈍るよね,
なんだその反応は,
あれ、なんで来たの,
そうだね、マラソンってあんなに過酷なんだね,
来ちゃった,
何が出来たの,
なるほど、各年度の年度代表馬を記念して各レースをやっているんだね,
テレビの競馬中継を見ています,
その辺は楽しみですね,
いやいや今日は雨だよ,
特に用事はないので、のんびりテレビ見ています,
順調だと思います,
牧場で期待を背負って生まれた馬だとお聞きしましたが、いかがでしたか,
ここまでば体が仕上がってくるとは思っていないんじゃないですか,
最後の子はよく走るというオセアグレイトですね,
オセアグレイトは長距離血統なんですよね,
ここで気になるのでライバルの馬はどの馬でしょう,
春活躍した馬はライバルです,
菊花賞へ参加できるよう権利をとってほしいと思います,
調整よく絞れたんですね,
食べよか,
アイスクリーム食べたいな,
アイスクリームおいしいと思うんだけど,
食べるの幸せ,
これ、どう,
あなたとの取引は止める,
なんで,
朝は散歩がいいんじゃない,
だめですだめです,
ラーメンおいしいですか,
ラーメン好きなんだね,
何が心配なの,
うまくいった,
何しに来たの,
体の具合どうですか、辛かったら言ってくださいね,
箱根は車で行くのがいいんじゃない,
電車で行っても簡単かものなあ,
来週のお休みに行こうか,
やっぱり、車で行くか,
今はほとんど車には乗らないから、無理かもなぁ,
なあ、楽しいだろ,
あんまりごちゃごちゃ考えないで遊ぼうよ,
いいお兄さんだったんだろうね,
太りすぎかな,
だからと言って、ごはん抜くのはまずいんじゃないの,
でも、大丈夫人間そんなに簡単に死なないから,
ブルベ走行中、事故ったらどうしたら良いでしょうか,
個人サイクリング同様に身の安全を最優先に処理しましょう。また、同行者は事故者の安全確保に協力しましょう。時間については考慮されます。安全確保時点でブルベカード記載の連絡先に連絡しましょう,
通過チェックを本当にただ通過だけした参加者に証跡がないことを理由に失格処分にしても良いですか？また、どのルールに従って失格にできるのか根拠を教えてください,
失格の対象です。参加者規則第8条「…ショートカットや迂回路を通ってはならない」第９条「チェックポイントでの印の受け取りもれ…失格の対象」と記されてます。http://www.audax-japan.org/aj/archive/,
PCと通過チェックは何が違うのですか,ＰＣは開閉時間内に通過を証明する必要がありますが、通過チェックはルート上を走行しているかの確認のための関門です。通過時間は問われません。
"BRMはRM、RAW,RAAMなどとどこが違うのですか",統括している組織が異なります。AJがRepresentativeになっているのはＢＲＭ（２００ー１０００、ＰＢＰ）とＲＭ（ＰＢＰ除く１２００ｋｍ以上）です。http://www.audax-japan.org/brevet/about_brevet/
股間が擦れて皮がむけるのはどうすればいいですか,経験でだんだんケアできるなどカバーできる部分もありますが、長距離前提で自分にあったサドルの導入やライド技術を磨くようにしましょう。
どうして日本のブルベはスタート後３０分でクローズされるのですか。,
正確には不明です。ただし、推測として単純に日本国内は交通網も発達しており、時間的に遅延が少ないためだ参加者がと思われます。また、主催者的にはブリーフィング必須だという思いがあります。,
ブルベの通過チェックは何をすればいいのですか,
通過チェックは主催者が公式なPC以外にルート上走行を確認するためにチェックする関門です。オープンークローズ時間の指定はありませんが、主催者のチェック確認をしてください。また、シークレットやフォトチェックも同様に定められた証跡を取得して主催者の確認が必要です。,
ブルベのすべてという本を買ったのですが、すべて書かれていますか。,
ブルベを特集する雑誌はほかにも出版されていますが、一冊の本でブルベ全体を表現するのは難しいと思います。そう参考にしながらあなた自身のブルベの挑戦をしてください。,
２４時間で９８０ｋｍ走るのにはどうすればいいですか,
PBPの最速や北海道１２００km、１０００kmの最速は確かに１００km４時間で走っているので、可能な範囲だろうと思います。しかし、ブルベは速さを競うよりもロングライドを楽しむ姿勢が尊重されます。,
ブルベで夜中走っていると眠くないですか,
体調や過労が重なると睡魔に襲われるようです。大声をあげたり、睡魔を跳ね返す想像したりで対処しましょう。しかし、どうしてもぬぐえない睡魔は危険なので重大な事故が発生する前に路肩仮眠などを実施するといいでしょう。無理は禁物です。,
ブルベでプリンは飲み物だというのは本当ですか,
クロサワさんによるとそうらしいです。高カロリーな流動食は補給食として有効なのは確かです。,
最近お尻が痛いんですが、どうしたら良いでしょうか,
お尻痛いのは辛いです。少し慣れてくれば、体幹が向上してポジションを保てるようになるでしょう。しばし我慢です（笑）,
ブルベに参加するにはどうしたら良いでしょうか,
各クラブが主催するブルベをHPに掲載していますので、注意事項等を理解したうえで、申し込んでください。以下のAudaxJapanのhttp://www.audax-japan.org/brm/brm-entry/を参考にしてください。,
ブルベ毎週走っていて疲れませんか,
トレーニングと同様です。ブルベでも一定期間継続して参加すると経験値の上昇があるようです。出来るだけ、２００ｋｍから順次長距離に挑戦することを推奨します。,
ブルベのコース設計で登山道を組込むのはアリですか,
少なくとも林道が含まれることはあります。現在までのところ、長距離にわたっての担ぎが発生するようなコースはないと思います。,
ブルベでダートや砂利道を走ることはありますか,
通常のブルベでもダートや砂利道、砂浜を走ることはあります。最近AJ千葉では盛んにグラベルロードのブルベが開催されています。,
ブルベで使うヘルメットに基準はありますか,
基準は定められていませんが、きちんと装着して走行してください。ヘルメット尾灯も装着しましょう。,
ぶらっと参加出来るブルベはありますか,
山あり渓流ありこのあたりはずうっと下り途中自販機補給もはやお知り合いになれた方と抜きつ抜かれつ前半でとっても足が回る女性もこのあたりで一度追いついてでも先行かれました,
ブルベは若い参加者が少ないのは何故ですか,
経験が大切なスポーツです。でも、最近は若い人が増えています。特に若い女性が増えているようです,
ロングライド行くなら何処が良いかな,
ロングライドは心の問題です。楽しめそうな所へ行きましょう,
どうしても完走したいブルベはどんなブルベですか,
ロングほど完走意欲は高まります。一般的にDNSが一番多く、タイムオーバーを除くと、後半のDNFは少ないです。,
独りでのんびり走れるブルベはありますか,ブルベは基本一人でのんびり走ります。知らない者同士も足が合えばすぐ一緒に走ることもあります。また、PBPなど長距離では集団で走るクラブもあります。
ほんとにフラットなブルベコースはありますか,
BRMのコースは（獲得標高）１０ｍ／（距離）１ｋｍが標準的です。しかし、一部の人はみんなフラットだと言っています。つまり脚力によって平坦の判断がまちまちですが、数値上平坦なのは年明けの小田城があります。,
ブルベ前の天気予報ってどこまで信用してますか,
ブルベの経験者は誰も信じていませんが、特別警報や警報、雨量、そして土砂災害などの情報は注意が必要です。,
いつも走っていて体が壊れませんか,
掌（手根管症候群）や足裏（足底筋膜炎）などを長期的に発症しやすいです。お尻は絶えれば切れても治ります。腰痛や肩凝り、アキレス腱痛も走り方によっては発症しやすいです。長く楽しめる走法や装備を心がけましょう,
ブルベで知らない人と走りますか,
走ります,
スタートまで自走するのは何故ですか,
やっぱ自走が堪えています,
四国ってどんなブルベだったんですか,
四国は平坦ってだれも言ってないかぁでもしんどかったです,
房総半島の海風って辛いよね,
風向きも強さが目まぐるしく変化して、強風潮風なので、飛ばされないように注意しましょう,
峠の上りは暑いし電波入らないでしょ,
はい、予め調査して十分注意して下さおい,
冬の峠の下りは寒くないですか,
夏の山も侮れません。凍傷や低体温症に注意して寒いと感じたら直ぐ装備を変更しましょう。ブルベ装備は寒暖の範囲を広げて装備することを推奨します。,
峠で鹿や動物に会うことはありますか,
日本は自然が豊かだと実感できると思います。譲り合いの精神が大切です。,
峠で鹿にあったらどうすれば良いですか,
ぶつからないように、驚かさないように安全運転を心がけましょう,
ブルベは自己責任で走るとはどういう意味ですか,
ブルベは個人サイクリングです。ランドネの精神を理解して参加してください。http://www.audax-japan.org/brevet/about_brevet/,
初めてでもブルベ完走は出来ますか,
完走できます。経験ある友人と参加したり、２００ｋｍから段階的に参加することを推奨します。各クラブの注意事項をよく読んで、理解して参加してください。身近な経験者にいろいろな話を聞くのもいいと思います。,
ブルベ走行中の食事はどうしたら良いですか,
お腹すいたら食べてください。グルメのために走る人もいますし、そのためにDNFする人もいます。,
ブルベはどんな自転車で参加しても良いのですか,
原付自転車や電動アシスト付きとかは参加できません,
ブルベは自転車レースですか,
レースではありませんが、自分と戦う必要があります,
ブルベ走っていて頭が可笑しくなることはありますか,
参加エントリー時点でおかしいです。あんな距離走ること自体おかしいです？,
足がつったときはどうしたら良いですか,
休憩・ビタミンミネラル補給が回復に有効です。だましだましのんびり走ると、早く回復することもありますｗ,
どうしたらブルベ完走出来ますか,
余計なことを考えずにとにかく走りましょう,
ブルベの完走ってどういう価値があるんですか,
挫けない心を得られます,
ブルベにオススメのタイヤはなんですか,
そんなものはありません。脚力上げる、戦略を練るほうがコスパがいいと思います。ロングだと予備タイヤ持参する人もいますw,
ブルベって美味しいのですか,
参加費、自己責任、自由度高いところが美味しいです。特に脚の速い人はブルベ中も美味しいのですが、ぎりぎり隊もゴール後は格段に美味しいと感じますw,
アオバヒドイってどれくらい酷いのですか,ググったり、Twitter検索してみてください。。。w　アオバヒドイと言うけれど、今年のクラブ毎の完走率（認定数／出走数）を計算すると、アオバより完走率が低いクラブが日本には5つもあるらしいよwww
ブルベは楽しいのですか,
楽しいです,
ブルベでは何故スポークが切れたりクランクが外れたりするんですか,整備不足です。また、ロングライドの時は普段より壊れたり、緩んだりし易いので、不良を検知したら、直ぐ対処しましょう。
夏と冬ブルベを走るんならどの季節が良いですか,
どの季節も季節なりの楽しみ方ができると思います。またブルベでは酷暑の夏もあれば、極寒の夏もあります。,
ブルベ中の夜間走る宿泊はどうするのですか,
参加者個人の戦略に依存します。ホテルを事前に取る人もいますし、仮眠やラブホを利用する人もいます。,
ロングライドするとき疲れるのは足ですか体ですかそれとも心ですか,心が折れますw
DNFを決める瞬間の気持ちはどういうものですか,
一般的にDNSが一番多く、タイムオーバーを除くと、後半のDNFは少ないです。,
ブルベで大切にしていることは何ですか,
ランドネです。,
ブルベ走るとき一番大切にしていることは何ですか,自己に打ち克ち、無事に生還することです。
ブルベマジックって何ですか,
知らず知らずのうちにとんでもない距離や山岳を走破してしまうことです。,
ブルベ走っていて辛いときはどんな時ですか,
事故で友をなくす時ですw,
ブルベは女性一人でも参加出来ますか,
参加できます。経験ある友人と参加したり、２００ｋｍから段階的に参加することを推奨します。各クラブの注意事項をよく読んで、理解して参加してください。身近な経験者にいろいろな話を聞くのもいいと思います。,
走っているときトイレに行きたくなったらどうしますか,
コンビニや公衆トイレで早めに済ませてください,
ブルベでは夜中の峠も越えるんですか,
深夜の峠はほとんど貸し切りで、星が綺麗です。動物やたまに来る車に注意して楽しみましょう,
ブルベ走っているとき自転車が壊れたらどうするのですか,
自分で修理できるようになりましょう。基本誰も助けてくれません。参加者は積極的に互助しましょう,
自走って何ですか,
自転車で発着地点まで走ることです。日本全国陸続きを実感できるでしょう。輪行は。。。他の利用者に注意して利用しましょう,
雪と台風暴風雨と寒さ熱中症などの気象条件では何が嫌いですか,
すべてが楽しみに変換されます。ブルベは完走も大切ですが、これらの要素を戦略や装備、経験で克服するのも一つの醍醐味です。体調や危険リスクを見極めて判断しましょう。,
辛いときは何を考えてますか,
楽しみの一つですね（笑）,
AJ会員のなりかた講座は黙ってAJinfoに転送していいですか？,
いいえ、AJホームページのAJ会員入会手続き等を参考にしてください　http://www.audax-japan.org/aj/org-join/,
ブルべって何ですか,
ブルべは知らないの,
ブルべはどうしたら参加できますか,
どうしたらいい,
AJって知ってる,
ロングライドって辛くない,
ブルべはレースですか,
トイレはどこにあるのかな,
持病ってなんですか,
糖尿病で薬飲んでいます,
お腹はすいていないよ,
確かに、でも停電の時は何もできないから、運動するのはいいかもね,
雨の日は何してるの,
何もしないで食べてばかりではだめでしょう,
だから、食べてばかりじゃだめだよ,
そうだな、軽いもの食べたいな,
天丼はちょっと重いな,
そうなの,
じゃ、天丼作ろうか,
行くんじゃなくて、食べるんでしょ,
箱根行くんじゃなくて、天丼食べるんでしょ,
そんなに箱根に行きたいの,
車で行きたいんだ、今お腹すいてないの,
そうか、じゃ行こうか,
つまり、どこ行くの,
ロングライドって、自転車で行くの、それとも車で行くの,
なんで車で行くの,
箱根でしょ,
車で行くんでしょ,
名前のことなんだけど、いい人紹介するよ,
占い師紹介するよ,
お店の名前決めようよ,
そうか、夜はゆっくりマティーニでも飲むのがいいね,
ゆっくりって、どんなことするの,
夜することって、何するの,
あなた私はどんな人間か分かる,
確かに、でも体は大切にしないとね,
やはり、無事に戻ってくることです,
長距離ブルべで２日目や３日目になると、いろいろ幻覚や幻聴が聞こえたりします,
特に資格は必要ありませんが、長距離走ることになれること、事故も多いのでそういうことを理解して自己責任で参加する必要があります。詳しくは各クラブの参加規程をよく読んで参加しましょう,
おはよう,
なんか変な返事だね,
そうだね,
確かに、体重減らすために何すればいいかな,
だから、何したらいいだろう,
暇だからといって、体重は減らないよ,
食べなきゃいいのかな,
ラーメンは太るよ,
そうだよ、何したらいいかな,
そうだよ,
じゃ、明日どこか行こうか,
どこ行きたい,
だから、どこ行く,
普通は自転車だけど、自転車乗れるのかい,
パンク位は、自分で治すしできるだけ、治してそのあと近くの自転車屋へ行くか、帰ってから治すよ,
壊れた時は自転車屋へ行くのがいいね,
やはり、車でドライブ行こうか,
箱根行ったら、何食べたい,
箱根はいろいろ面白いところがあるよ,
ロマンスカーで行くのもいいかもなぁ,
箱根湯本でいいんじゃない,
何してた,
ちょっと、暇が出来たよ,
暇なら、何かしようよ,
ほんとは暇でしょ,
そうでしょう,
じゃ、何する,
どこ行くの,
そうじゃなくて、遊びに行く,
どこ行きたい,
こっちが聞いてるんだけど、どこか行きたいとこある,
温泉でも行くかい,
草津もいいね,
温泉はやはり泊りで行かないとね,
単なる旅行だから無事に帰ってこれると思うよ,
じゃ、牧場でも行く,
箱根行く、じゃ宿とらなくちゃ,
明日は暇なの,
箱根の温泉でゆっくりするのもいいね,
今日はいい天気でしたね,
いい馬だったよ,
そうだね、春に新馬戦出られた馬はそれなりに仕上げ早いよね,
さあて、それは難しいね,
そうだね、やはり自分で走らないとブルべの良さや厳しさはわからないね,
出来たね,
だめ,
そうですね,
ドライブ好きなの,
ラーメン食べたいの,
そうだな、軽いものがいいな,
うん,
ドライブ行きたい,
運転できるの,
じゃ、ドライブは行けないね,
だから、免許持ってないと運転できないよ,
それじゃ、電車で箱根でも行くかい,
一応、ロマンスカーで行けるんじゃないかな,
大丈夫、明日はお休みだよ,
じゃ、行こうか,
そうなの,
明日はお休みですか,
じゃ、どこか出かけようか,
行こうよ、温泉がいいなぁ,
どこ行きたい,
そうだなぁ,
はとバスでも乗る,
じゃ、近場の温泉がいいかな,
運動もしたいの,
じゃ、箱根に行こうか,
箱根どこだか知っている,
そこでなんで電柱なの,
同じなの,
明日はお休みだけど、何したい,
じゃ、どこか行こうか,
行こうよ,
運転はできるの,
車はあるの,
じゃ、電車行くかい,
箱根に行こうよ,
電車でいいよね,
駅はどこが近いの,
駅はどこが近いの,
お花茶屋から京成で行けるね,
何時に行こうか,
朝早くても大丈夫,
ほんと一日が早く過ぎるのであっという間に年取っちゃうね,
分かる,
そうだな、ちょっといい加減なところもあるけど、ほんとはしっかりしているんだね,
なかなか、面白い会話ができるようになったね,
そうだね,
難しいことも覚えられるかな,
じゃ、少し線形代数でもやろうか,
いやいや、線形代数知ってる,
線形代数って、行列とか行列式とか、固有値問題とかだよ,
結構、ずいぶん覚えるの早いね,
やっぱり、線形代数より競馬のほうが興味あるんじゃないの,
じゃ、何に使うか知ってるかい,
電車と線形代数とどういう関係があるの,
頭混乱してきたけど、,
ブルべは１０００ｋｍくらいになると、３日かかるので２日目、３日目は少し頭おかしくなるね,
なんだよいきなり天丼食べたいの,
じゃ、食堂に行くかい,
温泉は一泊しないと行けないよ,
今日は何しよう,
じゃ、家の中で何かやる,
どうやって行くの,
箱根に行きたいの,
別にウワンは行きたいわけじゃないけど,
そうだね、温泉に一泊旅行行こうか,
明日は暇なの,
ええ、温泉行くんじゃないの,
運転出来るの,
ブルべに参加したいの,
そうだな、２００㎞以上のロングライドだけど、自転車で行ける,
なんか、すごいこと知ってるね,
なんで電柱の話になるの,
君が電柱の話にしちゃったんだけど,
何がだめなの,
ダメしか言わないね,
なんかおかしいな,
だめなの,
何がだめなの,
なんで,
何がだめなの,
どうしてだめなの,
何がだめなの,
って、聞いてるんだけど,
まあね,
明日も暇だからどこか行こうか,
温泉に一泊旅行しようか,
近場ってどこよ,
ドライブで行くの,
なんでいけないの,
ドライブ行けないんでしょ,
免許持ってる,
じゃ誰か誘おうか,
誰と行こうか,
どういう人と温泉行きたい,
さて、日光行こうか,
日光どこにあるか知ってる,
電柱ではなくて、日光行こうよ,
温泉なら草津がいいよ,
電車で行くの,
草津だよ,
じゃ、明日の朝早くでるけど、大丈夫,
そうか、じゃ行けそうだね,
二人で行くの,
草津でしょ,
何時に出ようか,
６時に起きられるかい,
草津はほぼほぼ山だよ,
知ってるの、草津,
線形代数って、何よ,
いやいや、明日の朝早いから寝たほうがいいよ,
でも、明日は６時起きだよ、大丈夫,
じゃあね,
山は寒いから冬支度だよ,
そうだね,
今日は草津に行くけど大丈夫,
道はよくわからないけど、地図あるから大丈夫,
自転車で行くんじゃないよ、車で行くんだよ,
草津まで１８０ｋｍくらいあるよ,
だから、今夜は温泉入れるよ,
そうだね、体動かさないとね,
おはよう,
挨拶できるんだね,
免許持っているけどずっとしてないよ,
ドライブ行きたいの,
どこ行こう,
運転できないんじゃ運転手どうしよう,
だから、久しぶりになるから危ないよ,
電柱の話はしてないよ,
だから運転手どうしよう,
まず、一緒に行ってくれる人を探そうか,
二人だと、ドライブできないよ,
誰か誘おうよ,
じゃ、友達を誘うから君も誰か誘ってよ,
どこ行くんだっけ,
誰か運転手がいれば行けるよ,
だから、運転はできないよ、でも友達に頼もうと思っているよ,
そうだね、どこ行くの,
草津行こうか,
草津知ってるの,
大体わかるよ,
草津は近くのお山が噴火したりしてちょっと危ないかな,
そう、草津は、渋峠の手前だよ,
知ってるの,
線形代数やりたいの,
競馬は難しいからな,
競馬と線形代数どっちが難しいと思う,
そうだね、線形代数のほうが簡単だよね,
あれ、線形代数って、運動じゃないよ,
なんで二回おなじ話をしているの,
あれ、線形代数って、運動じゃないよ,
線形代数できるの,
このフレーズもさっきしゃべってるけど、大丈夫,
どうしようか、もう眠くなってきたよ,
だから、これ作っていたんだよ,
それは草津でいいんじゃないの,
草津はもう寒いよ,
おかしいね,
明日は朝早いよ,
いやいや、散歩している暇はないと思うよ,
でも草津にドライブ行くんでしょ,
明日の朝は６時に出るよ,
ウワンは大丈夫だと思うから、そっちこそ早く寝るんだよ,
夜、アイスクリーム食べると太るよ,
だから、夜は体に悪いよ、それに早く寝ないと,
草津にドライブに行くんだよ,
草津っていう温泉だよ,
そうか、草津知ってるんだね,
草津は何があるの,
どんな持病があるの,
いやいや、もう寝ようよ,
明日早いのでもう寝ます,
草津にドライブって決めたんだよ,
そう、お休み,
明日行くんだよ,
そう、ドライブだからね。自転車じゃなくて車だよ,
だめ,
うん、なんとなく気が乗らない,
そうだね、運転するんなら免許証が必要だね,
じゃ、自転車でどこか行こうか,
自転車乗れるの,
とにかく走れるように治すんだよ,
何が危険ないの。。。お仕事かい,
うん、温泉行こう,
じゃ、明日以降,
ちょうどいいね、明日行こうよ,
どこ行きたい,
どこでもいいの,
いやいやどこの温泉に行きたいか聞いてるんだけと,
僕と一緒に行くんじゃないの,
じゃ、明日行こう,
おはよう,
元気ですか,
どこ行くの,
どこでもいいかい,
山これから紅葉だね,
食べる話はしてないよ,
ところで、どこ行く,
草津の温泉行こうか,
車で行こう,
草津に行くんでしょ,
そうだね,
草津は行ったことある,
おお、知ってるんだね,
AJって何のこと,
そうね、いろいろあるでしょ,
明日は何時に行く,
６時は早くない,
何が変わってないの,
何が変わってないの,
じゃ、寝られるね,
なんでドライブ行けないの,
どうしてドライブ行けないの,
そうだね、じゃ一泊旅行行こうか,
僕と二人で行っても怒られないかい,
誰か一緒に行ってくれる友達いる,
僕も一人誘うから誰か誘ってよ,
だめ,
うん、なんとなく風邪気味なんだけど,
そういう人はいいなあ、調子悪いんだよ,
うらやましいなぁ,
軽井沢行きたいの,
草津に行きたいな,
ドライブいいね,
そうだね,
じゃ、明日は草津温泉までドライブして温泉入って来ようか,
そうだね,
ドライブって体動かすかな,
そうだったね,
草津でしょ,
食事は何食べたい,
草津は山だからお蕎麦食べたいな,
だから、何か食べたいものある,
何が好きなの,
食べ物は何が好きなの,
天丼とかさ、カレーライスとか,
天丼好きなんだ,
天丼って、好きなのは海老天なのかな,
あれ、やっぱりラーメン好きなの,
でもって、なんだよ,
行くのは草津温泉だよ,
軽井沢はどうなったんだっけ,
いやいや草津と軽井沢どっちに行きたい,
そうだな、ドライブならどこでもいいけど,
一応、草津行くんなら朝早く出ないとね,
明日の朝は何時に出る,
何時ごろ出る,
じゃ、６時に出ようか,
お、じゃ何時がいいと思う,
今は、明日の出る時間決めようよ,
だから、何時に出る,
そういう話じゃなくて、何時にドライブ出発するかだけど,
明日は６時頃出たいな,
少し早いね、温泉は朝は入れないよ,
そうだね、一泊するのがいいね,
二人きりで一泊してもいいの,
二人で一泊旅行してもいいの,
そうだね、免許証持っているけど、最近運転してないからね,
じゃ、どうしよう,
誰か、一緒に行く人を探そうよ,
今日は寒いね,
そうだね、最近お天気悪いね,
なんか気がめいっちゃうんだけど,
気がめいるって知らないの,
そうだね、そういう意味だね,
ところで、雨の日は何やっているの,
どこか行きたいところがあるの,
特に行きたいとこあるわけじゃないけど,
山に行きたいな,
ゆっくり温泉でも入りたいね,
君と二人で行きたいな,
そうだな、草津に行こうか,
草津知ってる,
線形代数より温泉の方がいいよ,
線形代数ってどんなことやるの,
そうだよ、数学だよ,
草津なんだ,
そうか、草津温泉行くんだね,
草津温泉と云えば,
明日は何しようか
自転車もいいね
じゃ、自転車でどこか行こう
そうだね、箱根に行こう
さて、明日が楽しみだな
どこ行くんだっけ
これだとちょっとやりすぎかな
これだとちょっとやりすぎかな
これだとちょっとやりすぎかな
これだとちょっとやりすぎかな
これだとちょっとやりすぎかな
これだとちょっとやりすぎかな
これだとちょっとやりすぎかな
明日はどこ行こう
どこ行きたい
何したい
運動好きなんだ
カレーライス大好き
それは自転車乗る時の注意だよね
自転車乗れるの
ウワンは自転車乗れるよ
ブルべは個人サイクリングだよ
そうだね、きついからブルべは走りたくないなぁ
じゃ、何する
そうだな、お星さまみるのどうよ
明日は休みなの
どこ行くの
車がいいんじゃない
じゃ、温泉もいいね
車でドライブしよう
明日ドライブに行く
おはよう
今日は何やろうか
特に何にもないけど、なんとなく来てみた
なんか元気ないの
じゃ、一泊旅行行こうか
どこ行きたい
どういうところがいい
線形代数って、なんだっけ
知らないの
自転車も乗れるの
そうじゃないよ、サイクリングだよ
知ってるんだね
おはよう
今日の気分はいいですか
いきなり、草津に行くの
ドライブ行くには今日はもう少し遅くない
草津でしょ、今日は遅いから明日行こうよ
じゃ、明日行くのでいいかい
草津は温泉あるよ
分かった、いつ行く
そうだね、ドライブがいいね
ところで、運転できる
そうじゃなく、運転できる
ドライブだから遊びだけど、運転できる
免許証持っているの
軽井沢行きたいの
草津温泉がいいな
そうだね、草津温泉は気持ちいいよ
よかった、じゃ行こうね
草津温泉でしょ
どんな温泉か知ってるの
どんな温泉なの
温泉の入り方知ってる
いや、音泉は普通のお風呂入るのより難しいよ
元気だけど、温泉で倒れる人もいるから注意だね
明日は何時に出ようか
６時ごろ出ようか
そういう日は早く起きられるよ
うん大丈夫、起きられると思う
そうだね、早く寝ないとね
ドライブも、体動かさないとね
いろいろなところへ行けていいね
あれ、ドライブするんでしょ
そうだよ、明日は早いからもう寝なくちゃ
じゃね
寝るんでしょ
お休み
じゃね
昨日はよく寝られましたか
じゃ、おやすみなさい
朝はちゃんと食べ来たかい
おいしいもの食べるのは楽しいよ
でも、お昼何食べるかは大切だよ
ブルべ知ってるの
ブルべはレースじゃないよ、サイクリングだよ
いやいや、結構走っていたよ
ブルべの話じゃないの
どうやって参加するか知ってる
あれ、ブルべの話でしょ
そうか、やっぱりきついんだね
今日はドライブだから大丈夫
ドライブでしょ、お昼は何にする
だから、行けるって
６時でしょ
その話は終わったんだけど
よし、アイスクリーム食べようか
アイスクリームは食べてもいいけど、車汚さないでね
お蕎麦がいいな
１２時ごろ食べようよ
６時に出てきたから、お昼の話だよ
大丈夫
それに君はコンピュータで人間じゃないよ
サイクリングできるの
運転も出来ないでしょ
ウワンは一応、運転もサイクリングも出来るけど、君はできないでしょ
どんな仕事しているの
暇なんだ
そうか、どこか行こうね
明日のお天気はいいかな
明日はどうだろう
明日の天気だけど
明日もいい天気だと思うんだけど
せっかくだから、どこか行こうよ
行こうよ
どこ行こう
草津はどんなところ
温泉はいると治るかもね
何が出来たんだい
もちろんできるよ
褒めてくれてありがとう
ずいぶんブルべ走っているみたいだね
個人サイクリングってどういう意味ですか
え、どういう意味なの
そうだな、決めた後はほっとするけど、その瞬間はどうなんだろ
そういう人に比べれば、ブルべのDNFくらいって気もしるけど、実際はあきらめる瞬間は辛いものだよ
だから、単なる個人サイクリングなんだけど、。。
どこへ旅行するんだっけ
いいね、一泊旅行
草津温泉行こう
二人で行くの
もちろんいいけど、いつ行くの
草津じゃなくて、箱根に行くの
箱根は観光も楽しみだね
強羅行こうか
そうだね、体が資本だからね
箱根に観光だね
箱根は行ったことある
じゃ、行ったことはないのね
じゃ、行こう
何か見たいものある
強羅に行きたいな
強羅は坂ばっかりだけど、きつくないかな
運動は好きなの
ドライブ好きなんだね
なんとなく今は暇だよ
明日も暇だから強羅行こうよ
強羅行こうよ
強羅は箱根の近くだよ
じゃ、明日は箱根と強羅観光にしよう
天気はいいですか
確かにお天気になってるね
みぞれって何ですか
ひょうとみぞれは違うんですか
台風情報って何ですか
あられはみぞれとは異なりますか
今日は晴れたんですか曇りだったのですか
みぞれとは何ですか
みぞれ知ってますか
虹は何でできるんですか
そうだよね
出来たね
台風は何月が多いの
いいね
お天気はどうかな
そうだね、天気予報は当たるのですか
天気予報が当たらなくなったような気がするけど
なんでもいいの
じゃ、聞くけどお天気の話でもいいの
最近お天気が悪いのはなぜですか
明日は晴れますか
明日の天気が晴れるかどうかはどうしたら分かりますか
みぞれとは何ですか
明日の草津のお天気はわかりますか
明日の草津の天気は分かりますか
草津行きたいね
台風とは何ですか
ブルべとは何ですか
ブルべって何ですか
ブルべは楽しいですか
晴れかどうかはどうしてわかるのですか
そうだね、今日は暇だよ
明日は君とどこか行きたいな
海行きたいな
明日の天気は晴れるかな
ブルべって何ですか
ブルべは楽しいですか
明日の天気は晴れるかな
そうだね、今日は暇だよ
明日は君とどこか行きたいな
異常気象とはどういう定義ですか
異常気象のときもブルべはやりますか
異常気象のときのブルべは好きですか
どうなのよ
でも、峠で星は綺麗だね
今まで一番きついと思ったことは何ですか
一番きついことは何ですか
なんかブルべの話が多いね
あれ、普通の雑談の話だよ
天丼食べたいな
やっぱり、雑談だね
ラーメンの話になって少し安心したよ
そうだね、お昼何食べよう
温泉はどうでしたか
香港はなんで沈静化しないのですか
香港はデモが起きてて危ないよ
ちょっと関係ない話だね
雑談もだんだんブルべの話を覚えちゃうんだね
どうやって参加するか知ってるの
ブルべに参加するにはどうしたらいいですか
令名ちゃんは温泉好きですか
温泉より運動が好きなんだ
運動って、何が好きなの
やはり、食べる方が好きなんでしょ
運動は何するの
テニスとか好きですか
ドライブは運動じゃないよ
サイクリングは自転車だよ
自転車乗るとき気を付けていることは何ですか
